{"cameraMode":{"drawMode":0,"name":"Shaded","section":"Shading Mode"},"sceneLighting":true,"audioPlay":false,"sceneViewState":{"showFog":false,"showMaterialUpdate":false,"showSkybox":false,"showFlares":false,"showImageEffects":false,"showParticleSystems":false},"in2DMode":false,"pivot":{"x":15.696338653564454,"y":-13.611148834228516,"z":-4.255764007568359},"rotation":{"x":-0.21133150160312653,"y":-0.7672960162162781,"z":0.3127095699310303,"w":-0.5185180306434631},"size":27.379215240478517,"orthographic":false}