{"cameraMode":{"drawMode":0,"name":"Shaded","section":"Shading Mode"},"sceneLighting":true,"audioPlay":false,"sceneViewState":{"showFog":false,"showMaterialUpdate":false,"showSkybox":false,"showFlares":false,"showImageEffects":false,"showParticleSystems":false},"in2DMode":false,"pivot":{"x":8.696974754333496,"y":-6.990631580352783,"z":-21.1441707611084},"rotation":{"x":0.020785296335816385,"y":0.9697097539901733,"z":-0.22654004395008088,"w":0.08897721022367478},"size":26.974355697631837,"orthographic":false}