{"cameraMode":{"drawMode":0,"name":"Shaded","section":"Shading Mode"},"sceneLighting":true,"audioPlay":false,"sceneViewState":{"showFog":true,"showMaterialUpdate":true,"showSkybox":true,"showFlares":true,"showImageEffects":true,"showParticleSystems":true},"in2DMode":false,"pivot":{"x":18.03691291809082,"y":2.954421043395996,"z":-13.402143478393555},"rotation":{"x":-0.09955044835805893,"y":0.7267905473709106,"z":-0.10785945504903794,"w":-0.6710097789764404},"size":19.61717987060547,"orthographic":false}