{"cameraMode":{"drawMode":0,"name":"Shaded","section":"Shading Mode"},"sceneLighting":true,"audioPlay":false,"sceneViewState":{"showFog":true,"showMaterialUpdate":true,"showSkybox":true,"showFlares":true,"showImageEffects":true,"showParticleSystems":true},"in2DMode":false,"pivot":{"x":2.3852787017822267,"y":-1.105463981628418,"z":-47.8322639465332},"rotation":{"x":-0.17837196588516236,"y":0.725298285484314,"z":-0.2045106291770935,"w":-0.6327279210090637},"size":25.024717330932618,"orthographic":false}