{"cameraMode":{"drawMode":0,"name":"Shaded","section":"Shading Mode"},"sceneLighting":true,"audioPlay":false,"sceneViewState":{"showFog":true,"showMaterialUpdate":true,"showSkybox":true,"showFlares":true,"showImageEffects":true,"showParticleSystems":true},"in2DMode":false,"pivot":{"x":1.8234463930130005,"y":2.714770555496216,"z":1.3568849563598633},"rotation":{"x":-0.018038203939795495,"y":0.9495452642440796,"z":-0.30815863609313967,"w":-0.055624715983867648},"size":7.066507816314697,"orthographic":false}